Name,X_km,Y_km,Z_km,Lat_deg,Lon_deg,Alt_km
STARLINK-1266,-3278.5038988493006,-3188.5095538687183,-5257.440586969739,-49.246699337472705,124.20687839004637,602.2973350941222
STARLINK-1284,3814.4587318110894,-3463.9443445383686,4682.47809696325,42.531630270543864,-142.41813647483764,593.9644931521216
STARLINK-1258,-118783469.26679507,-25537407.42798539,100307230.04956502,39.41839407364602,92.016090967223,157547469.36801076
STARLINK-1292,-1642197.568893648,-4835432.174292918,-2779749.786482654,-28.603348521946543,151.2102497761759,5807852.935379645
STARLINK-2238,4144.697965951551,-1044.7980263084166,5493.508630847347,52.407337825202845,-114.28681736983445,595.7646182031168
STARLINK-2241,-201.12025427074397,-6795.00238878257,1558.0981652476885,12.980750282195018,168.17902618782716,597.1849781465198
STARLINK-2237,2735.223748902892,-5070.968072534893,3913.7555430224347,34.410310311976346,-161.83107754835203,593.829989816149
STARLINK-1255,-1209.9117346353148,6653.357929806587,-1680.0283755885907,-14.055691410099326,0.17893283949594788,591.1530809902315
STARLINK-1316,566.578443640285,-6816.101155881624,1326.856561433602,11.05385761782481,174.63057771662832,589.7656119845689
STARLINK-2224,-925.5761926803852,-6592.971362957483,2075.4950872520094,17.39567005034327,161.87292751028335,597.3999647892713
STARLINK-2217,739.831204216702,-5991.315691331505,3483.083688066978,30.15035692154753,176.87012772246746,596.8092709511664
STARLINK-2107,-4165.804417125244,634.9973521040071,-5559.4934560585425,-53.13288416876282,71.20923281540864,611.5503577609471
STARLINK-2063,-1792.8049179080547,4777.642805833285,-4764.905860058882,-43.25623471225514,10.360452001391073,613.5786179096658
STARLINK-2246,-5696.092150641194,-1176.1542884369571,-2898.955066136974,-26.76875610328554,91.58225807930663,124.84497927299533
STARLINK-2256,nan,nan,nan,nan,nan,nan
STARLINK-1293,nan,nan,nan,nan,nan,nan
STARLINK-1257,-4225.852283038538,-891.2898698239314,-5490.892112931619,-52.10796270209496,91.84488881523852,620.9934247794615
STARLINK-1256,nan,nan,nan,nan,nan,nan
STARLINK-2275,nan,nan,nan,nan,nan,nan
