time_utc,visible_count,>=threshold_count
2021-12-23T07:09:00+00:00,0,0
2021-12-23T07:09:10+00:00,1,1
2021-12-23T07:09:20+00:00,0,0
2021-12-23T07:09:30+00:00,0,0
2021-12-23T07:09:40+00:00,1,1
2021-12-23T07:09:50+00:00,0,0
2021-12-23T07:10:00+00:00,1,0
2021-12-23T07:10:10+00:00,1,1
2021-12-23T07:10:20+00:00,0,0
2021-12-23T07:10:30+00:00,1,0
2021-12-23T07:10:40+00:00,1,1
2021-12-23T07:10:50+00:00,0,0
2021-12-23T07:11:00+00:00,1,1
2021-12-23T07:11:10+00:00,1,0
2021-12-23T07:11:20+00:00,0,0
2021-12-23T07:11:30+00:00,1,1
2021-12-23T07:11:40+00:00,1,0
2021-12-23T07:11:50+00:00,0,0
2021-12-23T07:12:00+00:00,1,1
2021-12-23T07:12:10+00:00,0,0
2021-12-23T07:12:20+00:00,0,0
2021-12-23T07:12:30+00:00,1,1
2021-12-23T07:12:40+00:00,0,0
2021-12-23T07:12:50+00:00,0,0
2021-12-23T07:13:00+00:00,1,1
2021-12-23T07:13:10+00:00,0,0
2021-12-23T07:13:20+00:00,0,0
2021-12-23T07:13:30+00:00,1,1
2021-12-23T07:13:40+00:00,0,0
2021-12-23T07:13:50+00:00,0,0
2021-12-23T07:14:00+00:00,1,1
2021-12-23T07:14:10+00:00,0,0
2021-12-23T07:14:20+00:00,0,0
2021-12-23T07:14:30+00:00,1,1
2021-12-23T07:14:40+00:00,0,0
2021-12-23T07:14:50+00:00,1,0
2021-12-23T07:15:00+00:00,1,1
2021-12-23T07:15:10+00:00,0,0
2021-12-23T07:15:20+00:00,1,0
2021-12-23T07:15:30+00:00,1,1
2021-12-23T07:15:40+00:00,0,0
2021-12-23T07:15:50+00:00,1,0
2021-12-23T07:16:00+00:00,1,0
2021-12-23T07:16:10+00:00,0,0
2021-12-23T07:16:20+00:00,1,1
2021-12-23T07:16:30+00:00,1,0
2021-12-23T07:16:40+00:00,0,0
2021-12-23T07:16:50+00:00,1,1
2021-12-23T07:17:00+00:00,0,0
2021-12-23T07:17:10+00:00,0,0
2021-12-23T07:17:20+00:00,1,1
2021-12-23T07:17:30+00:00,0,0
2021-12-23T07:17:40+00:00,0,0
2021-12-23T07:17:50+00:00,1,1
2021-12-23T07:18:00+00:00,0,0
2021-12-23T07:18:10+00:00,0,0
2021-12-23T07:18:20+00:00,1,1
2021-12-23T07:18:30+00:00,0,0
2021-12-23T07:18:40+00:00,0,0
2021-12-23T07:18:50+00:00,1,1
2021-12-23T07:19:00+00:00,0,0
2021-12-23T07:19:10+00:00,0,0
2021-12-23T07:19:20+00:00,1,1
2021-12-23T07:19:30+00:00,0,0
2021-12-23T07:19:40+00:00,1,0
2021-12-23T07:19:50+00:00,1,1
2021-12-23T07:20:00+00:00,0,0
2021-12-23T07:20:10+00:00,1,0
2021-12-23T07:20:20+00:00,1,1
2021-12-23T07:20:30+00:00,0,0
2021-12-23T07:20:40+00:00,1,0
2021-12-23T07:20:50+00:00,1,0
2021-12-23T07:21:00+00:00,0,0
2021-12-23T07:21:10+00:00,1,1
2021-12-23T07:21:20+00:00,1,0
2021-12-23T07:21:30+00:00,0,0
2021-12-23T07:21:40+00:00,1,1
2021-12-23T07:21:50+00:00,1,0
2021-12-23T07:22:00+00:00,0,0
2021-12-23T07:22:10+00:00,1,1
2021-12-23T07:22:20+00:00,0,0
2021-12-23T07:22:30+00:00,0,0
2021-12-23T07:22:40+00:00,1,1
2021-12-23T07:22:50+00:00,0,0
2021-12-23T07:23:00+00:00,0,0
2021-12-23T07:23:10+00:00,1,1
2021-12-23T07:23:20+00:00,0,0
2021-12-23T07:23:30+00:00,0,0
2021-12-23T07:23:40+00:00,1,1
2021-12-23T07:23:50+00:00,0,0
2021-12-23T07:24:00+00:00,0,0
2021-12-23T07:24:10+00:00,1,1
2021-12-23T07:24:20+00:00,0,0
2021-12-23T07:24:30+00:00,1,0
2021-12-23T07:24:40+00:00,1,1
2021-12-23T07:24:50+00:00,0,0
2021-12-23T07:25:00+00:00,1,0
2021-12-23T07:25:10+00:00,1,1
2021-12-23T07:25:20+00:00,0,0
2021-12-23T07:25:30+00:00,1,0
2021-12-23T07:25:40+00:00,1,0
2021-12-23T07:25:50+00:00,0,0
2021-12-23T07:26:00+00:00,1,1
2021-12-23T07:26:10+00:00,1,0
2021-12-23T07:26:20+00:00,0,0
2021-12-23T07:26:30+00:00,1,1
2021-12-23T07:26:40+00:00,1,0
2021-12-23T07:26:50+00:00,0,0
2021-12-23T07:27:00+00:00,1,1
2021-12-23T07:27:10+00:00,0,0
2021-12-23T07:27:20+00:00,0,0
2021-12-23T07:27:30+00:00,1,1
2021-12-23T07:27:40+00:00,0,0
2021-12-23T07:27:50+00:00,0,0
2021-12-23T07:28:00+00:00,1,1
2021-12-23T07:28:10+00:00,0,0
2021-12-23T07:28:20+00:00,0,0
2021-12-23T07:28:30+00:00,1,1
2021-12-23T07:28:40+00:00,0,0
2021-12-23T07:28:50+00:00,0,0
2021-12-23T07:29:00+00:00,1,1
2021-12-23T07:29:10+00:00,0,0
2021-12-23T07:29:20+00:00,1,0
2021-12-23T07:29:30+00:00,1,1
2021-12-23T07:29:40+00:00,0,0
2021-12-23T07:29:50+00:00,1,0
2021-12-23T07:30:00+00:00,1,1
2021-12-23T07:30:10+00:00,0,0
2021-12-23T07:30:20+00:00,1,0
2021-12-23T07:30:30+00:00,1,0
2021-12-23T07:30:40+00:00,0,0
2021-12-23T07:30:50+00:00,1,1
2021-12-23T07:31:00+00:00,1,0
2021-12-23T07:31:10+00:00,0,0
2021-12-23T07:31:20+00:00,1,1
2021-12-23T07:31:30+00:00,1,0
2021-12-23T07:31:40+00:00,0,0
2021-12-23T07:31:50+00:00,1,1
2021-12-23T07:32:00+00:00,0,0
2021-12-23T07:32:10+00:00,0,0
2021-12-23T07:32:20+00:00,1,1
2021-12-23T07:32:30+00:00,0,0
2021-12-23T07:32:40+00:00,0,0
2021-12-23T07:32:50+00:00,1,1
2021-12-23T07:33:00+00:00,0,0
2021-12-23T07:33:10+00:00,0,0
2021-12-23T07:33:20+00:00,1,1
2021-12-23T07:33:30+00:00,0,0
2021-12-23T07:33:40+00:00,0,0
2021-12-23T07:33:50+00:00,1,1
2021-12-23T07:34:00+00:00,0,0
2021-12-23T07:34:10+00:00,1,0
2021-12-23T07:34:20+00:00,1,1
2021-12-23T07:34:30+00:00,0,0
2021-12-23T07:34:40+00:00,1,0
2021-12-23T07:34:50+00:00,1,1
2021-12-23T07:35:00+00:00,0,0
2021-12-23T07:35:10+00:00,1,0
2021-12-23T07:35:20+00:00,1,0
2021-12-23T07:35:30+00:00,0,0
2021-12-23T07:35:40+00:00,1,1
2021-12-23T07:35:50+00:00,1,0
2021-12-23T07:36:00+00:00,0,0
2021-12-23T07:36:10+00:00,1,1
2021-12-23T07:36:20+00:00,1,0
2021-12-23T07:36:30+00:00,0,0
2021-12-23T07:36:40+00:00,1,1
2021-12-23T07:36:50+00:00,0,0
2021-12-23T07:37:00+00:00,0,0
2021-12-23T07:37:10+00:00,1,1
2021-12-23T07:37:20+00:00,0,0
2021-12-23T07:37:30+00:00,0,0
2021-12-23T07:37:40+00:00,1,1
2021-12-23T07:37:50+00:00,0,0
2021-12-23T07:38:00+00:00,0,0
2021-12-23T07:38:10+00:00,1,1
2021-12-23T07:38:20+00:00,0,0
2021-12-23T07:38:30+00:00,0,0
2021-12-23T07:38:40+00:00,1,1
2021-12-23T07:38:50+00:00,0,0
2021-12-23T07:39:00+00:00,1,0
2021-12-23T07:39:10+00:00,1,1
2021-12-23T07:39:20+00:00,0,0
2021-12-23T07:39:30+00:00,1,0
2021-12-23T07:39:40+00:00,1,1
2021-12-23T07:39:50+00:00,0,0
2021-12-23T07:40:00+00:00,1,0
2021-12-23T07:40:10+00:00,1,0
2021-12-23T07:40:20+00:00,0,0
2021-12-23T07:40:30+00:00,1,1
2021-12-23T07:40:40+00:00,1,0
2021-12-23T07:40:50+00:00,0,0
2021-12-23T07:41:00+00:00,1,1
2021-12-23T07:41:10+00:00,1,0
2021-12-23T07:41:20+00:00,0,0
2021-12-23T07:41:30+00:00,1,1
2021-12-23T07:41:40+00:00,0,0
2021-12-23T07:41:50+00:00,0,0
2021-12-23T07:42:00+00:00,1,1
2021-12-23T07:42:10+00:00,0,0
2021-12-23T07:42:20+00:00,0,0
2021-12-23T07:42:30+00:00,1,1
2021-12-23T07:42:40+00:00,0,0
2021-12-23T07:42:50+00:00,0,0
2021-12-23T07:43:00+00:00,1,1
2021-12-23T07:43:10+00:00,0,0
2021-12-23T07:43:20+00:00,0,0
2021-12-23T07:43:30+00:00,1,1
2021-12-23T07:43:40+00:00,0,0
2021-12-23T07:43:50+00:00,1,0
2021-12-23T07:44:00+00:00,1,1
2021-12-23T07:44:10+00:00,0,0
2021-12-23T07:44:20+00:00,1,0
2021-12-23T07:44:30+00:00,1,1
2021-12-23T07:44:40+00:00,0,0
2021-12-23T07:44:50+00:00,1,0
2021-12-23T07:45:00+00:00,1,0
2021-12-23T07:45:10+00:00,0,0
2021-12-23T07:45:20+00:00,1,1
2021-12-23T07:45:30+00:00,1,0
2021-12-23T07:45:40+00:00,0,0
2021-12-23T07:45:50+00:00,1,1
2021-12-23T07:46:00+00:00,1,0
2021-12-23T07:46:10+00:00,0,0
2021-12-23T07:46:20+00:00,1,1
2021-12-23T07:46:30+00:00,0,0
2021-12-23T07:46:40+00:00,0,0
2021-12-23T07:46:50+00:00,1,1
2021-12-23T07:47:00+00:00,0,0
2021-12-23T07:47:10+00:00,0,0
2021-12-23T07:47:20+00:00,1,1
2021-12-23T07:47:30+00:00,0,0
2021-12-23T07:47:40+00:00,1,0
2021-12-23T07:47:50+00:00,2,1
2021-12-23T07:48:00+00:00,1,0
2021-12-23T07:48:10+00:00,1,0
2021-12-23T07:48:20+00:00,2,1
2021-12-23T07:48:30+00:00,1,0
2021-12-23T07:48:40+00:00,2,0
2021-12-23T07:48:50+00:00,2,1
2021-12-23T07:49:00+00:00,1,0
2021-12-23T07:49:10+00:00,2,0
2021-12-23T07:49:20+00:00,2,1
2021-12-23T07:49:30+00:00,1,0
2021-12-23T07:49:40+00:00,2,0
2021-12-23T07:49:50+00:00,2,0
2021-12-23T07:50:00+00:00,1,0
2021-12-23T07:50:10+00:00,2,1
2021-12-23T07:50:20+00:00,2,0
2021-12-23T07:50:30+00:00,1,0
2021-12-23T07:50:40+00:00,2,1
2021-12-23T07:50:50+00:00,2,0
2021-12-23T07:51:00+00:00,1,0
2021-12-23T07:51:10+00:00,2,1
2021-12-23T07:51:20+00:00,1,0
2021-12-23T07:51:30+00:00,1,0
2021-12-23T07:51:40+00:00,2,1
2021-12-23T07:51:50+00:00,1,0
2021-12-23T07:52:00+00:00,1,0
2021-12-23T07:52:10+00:00,2,1
2021-12-23T07:52:20+00:00,0,0
2021-12-23T07:52:30+00:00,0,0
2021-12-23T07:52:40+00:00,1,1
2021-12-23T07:52:50+00:00,0,0
2021-12-23T07:53:00+00:00,0,0
2021-12-23T07:53:10+00:00,1,1
2021-12-23T07:53:20+00:00,0,0
2021-12-23T07:53:30+00:00,1,0
2021-12-23T07:53:40+00:00,1,1
2021-12-23T07:53:50+00:00,0,0
2021-12-23T07:54:00+00:00,1,0
2021-12-23T07:54:10+00:00,1,1
2021-12-23T07:54:20+00:00,0,0
2021-12-23T07:54:30+00:00,1,0
2021-12-23T07:54:40+00:00,1,0
2021-12-23T07:54:50+00:00,0,0
2021-12-23T07:55:00+00:00,1,1
2021-12-23T07:55:10+00:00,1,0
2021-12-23T07:55:20+00:00,0,0
2021-12-23T07:55:30+00:00,1,1
2021-12-23T07:55:40+00:00,1,0
2021-12-23T07:55:50+00:00,0,0
2021-12-23T07:56:00+00:00,1,1
2021-12-23T07:56:10+00:00,0,0
2021-12-23T07:56:20+00:00,0,0
2021-12-23T07:56:30+00:00,1,1
2021-12-23T07:56:40+00:00,0,0
2021-12-23T07:56:50+00:00,0,0
2021-12-23T07:57:00+00:00,1,1
2021-12-23T07:57:10+00:00,0,0
2021-12-23T07:57:20+00:00,0,0
2021-12-23T07:57:30+00:00,1,1
2021-12-23T07:57:40+00:00,0,0
2021-12-23T07:57:50+00:00,0,0
2021-12-23T07:58:00+00:00,1,1
2021-12-23T07:58:10+00:00,0,0
2021-12-23T07:58:20+00:00,1,0
2021-12-23T07:58:30+00:00,1,1
2021-12-23T07:58:40+00:00,0,0
2021-12-23T07:58:50+00:00,1,0
2021-12-23T07:59:00+00:00,1,1
2021-12-23T07:59:10+00:00,0,0
2021-12-23T07:59:20+00:00,1,0
2021-12-23T07:59:30+00:00,1,0
2021-12-23T07:59:40+00:00,0,0
2021-12-23T07:59:50+00:00,1,1
2021-12-23T08:00:00+00:00,1,0
2021-12-23T08:00:10+00:00,0,0
2021-12-23T08:00:20+00:00,1,1
2021-12-23T08:00:30+00:00,1,0
2021-12-23T08:00:40+00:00,0,0
2021-12-23T08:00:50+00:00,1,1
2021-12-23T08:01:00+00:00,0,0
2021-12-23T08:01:10+00:00,0,0
2021-12-23T08:01:20+00:00,1,1
2021-12-23T08:01:30+00:00,0,0
2021-12-23T08:01:40+00:00,0,0
2021-12-23T08:01:50+00:00,1,1
2021-12-23T08:02:00+00:00,0,0
2021-12-23T08:02:10+00:00,0,0
2021-12-23T08:02:20+00:00,1,1
2021-12-23T08:02:30+00:00,0,0
2021-12-23T08:02:40+00:00,0,0
2021-12-23T08:02:50+00:00,1,1
2021-12-23T08:03:00+00:00,0,0
2021-12-23T08:03:10+00:00,1,0
2021-12-23T08:03:20+00:00,1,1
2021-12-23T08:03:30+00:00,0,0
2021-12-23T08:03:40+00:00,1,0
2021-12-23T08:03:50+00:00,1,1
2021-12-23T08:04:00+00:00,0,0
2021-12-23T08:04:10+00:00,1,0
2021-12-23T08:04:20+00:00,1,1
2021-12-23T08:04:30+00:00,0,0
2021-12-23T08:04:40+00:00,1,1
2021-12-23T08:04:50+00:00,1,0
2021-12-23T08:05:00+00:00,0,0
2021-12-23T08:05:10+00:00,1,1
2021-12-23T08:05:20+00:00,1,0
2021-12-23T08:05:30+00:00,0,0
2021-12-23T08:05:40+00:00,1,1
2021-12-23T08:05:50+00:00,0,0
2021-12-23T08:06:00+00:00,0,0
2021-12-23T08:06:10+00:00,1,1
2021-12-23T08:06:20+00:00,0,0
2021-12-23T08:06:30+00:00,0,0
2021-12-23T08:06:40+00:00,1,1
2021-12-23T08:06:50+00:00,0,0
2021-12-23T08:07:00+00:00,0,0
2021-12-23T08:07:10+00:00,1,1
2021-12-23T08:07:20+00:00,0,0
2021-12-23T08:07:30+00:00,0,0
2021-12-23T08:07:40+00:00,1,1
2021-12-23T08:07:50+00:00,0,0
2021-12-23T08:08:00+00:00,0,0
2021-12-23T08:08:10+00:00,1,1
2021-12-23T08:08:20+00:00,0,0
2021-12-23T08:08:30+00:00,1,0
2021-12-23T08:08:40+00:00,1,1
2021-12-23T08:08:50+00:00,0,0
2021-12-23T08:09:00+00:00,1,0
2021-12-23T08:09:10+00:00,1,1
2021-12-23T08:09:20+00:00,0,0
2021-12-23T08:09:30+00:00,1,1
2021-12-23T08:09:40+00:00,1,0
2021-12-23T08:09:50+00:00,0,0
2021-12-23T08:10:00+00:00,1,1
2021-12-23T08:10:10+00:00,1,0
2021-12-23T08:10:20+00:00,0,0
2021-12-23T08:10:30+00:00,1,1
2021-12-23T08:10:40+00:00,0,0
2021-12-23T08:10:50+00:00,0,0
2021-12-23T08:11:00+00:00,1,1
2021-12-23T08:11:10+00:00,0,0
2021-12-23T08:11:20+00:00,0,0
2021-12-23T08:11:30+00:00,1,1
2021-12-23T08:11:40+00:00,0,0
2021-12-23T08:11:50+00:00,0,0
2021-12-23T08:12:00+00:00,1,1
2021-12-23T08:12:10+00:00,0,0
2021-12-23T08:12:20+00:00,0,0
2021-12-23T08:12:30+00:00,1,1
2021-12-23T08:12:40+00:00,0,0
2021-12-23T08:12:50+00:00,0,0
2021-12-23T08:13:00+00:00,1,1
2021-12-23T08:13:10+00:00,0,0
2021-12-23T08:13:20+00:00,1,0
2021-12-23T08:13:30+00:00,1,1
2021-12-23T08:13:40+00:00,0,0
2021-12-23T08:13:50+00:00,1,0
2021-12-23T08:14:00+00:00,1,1
2021-12-23T08:14:10+00:00,0,0
2021-12-23T08:14:20+00:00,1,1
2021-12-23T08:14:30+00:00,1,0
2021-12-23T08:14:40+00:00,0,0
2021-12-23T08:14:50+00:00,1,1
2021-12-23T08:15:00+00:00,1,0
2021-12-23T08:15:10+00:00,0,0
2021-12-23T08:15:20+00:00,1,1
2021-12-23T08:15:30+00:00,0,0
2021-12-23T08:15:40+00:00,0,0
2021-12-23T08:15:50+00:00,1,1
2021-12-23T08:16:00+00:00,0,0
2021-12-23T08:16:10+00:00,0,0
2021-12-23T08:16:20+00:00,1,1
2021-12-23T08:16:30+00:00,0,0
2021-12-23T08:16:40+00:00,0,0
2021-12-23T08:16:50+00:00,1,1
2021-12-23T08:17:00+00:00,0,0
2021-12-23T08:17:10+00:00,0,0
2021-12-23T08:17:20+00:00,1,1
2021-12-23T08:17:30+00:00,0,0
2021-12-23T08:17:40+00:00,0,0
2021-12-23T08:17:50+00:00,1,1
2021-12-23T08:18:00+00:00,0,0
2021-12-23T08:18:10+00:00,1,0
2021-12-23T08:18:20+00:00,1,1
2021-12-23T08:18:30+00:00,0,0
2021-12-23T08:18:40+00:00,1,0
2021-12-23T08:18:50+00:00,1,1
2021-12-23T08:19:00+00:00,0,0
2021-12-23T08:19:10+00:00,1,1
2021-12-23T08:19:20+00:00,1,0
2021-12-23T08:19:30+00:00,0,0
2021-12-23T08:19:40+00:00,1,1
2021-12-23T08:19:50+00:00,1,0
2021-12-23T08:20:00+00:00,0,0
2021-12-23T08:20:10+00:00,1,1
2021-12-23T08:20:20+00:00,0,0
2021-12-23T08:20:30+00:00,0,0
2021-12-23T08:20:40+00:00,1,1
2021-12-23T08:20:50+00:00,0,0
2021-12-23T08:21:00+00:00,0,0
2021-12-23T08:21:10+00:00,1,1
2021-12-23T08:21:20+00:00,0,0
2021-12-23T08:21:30+00:00,0,0
2021-12-23T08:21:40+00:00,1,1
2021-12-23T08:21:50+00:00,0,0
2021-12-23T08:22:00+00:00,0,0
2021-12-23T08:22:10+00:00,1,1
2021-12-23T08:22:20+00:00,0,0
2021-12-23T08:22:30+00:00,0,0
2021-12-23T08:22:40+00:00,1,1
2021-12-23T08:22:50+00:00,0,0
2021-12-23T08:23:00+00:00,1,0
2021-12-23T08:23:10+00:00,1,1
2021-12-23T08:23:20+00:00,0,0
2021-12-23T08:23:30+00:00,1,0
2021-12-23T08:23:40+00:00,1,1
2021-12-23T08:23:50+00:00,0,0
2021-12-23T08:24:00+00:00,1,1
2021-12-23T08:24:10+00:00,1,0
2021-12-23T08:24:20+00:00,0,0
2021-12-23T08:24:30+00:00,1,1
2021-12-23T08:24:40+00:00,1,0
2021-12-23T08:24:50+00:00,0,0
2021-12-23T08:25:00+00:00,1,1
2021-12-23T08:25:10+00:00,0,0
2021-12-23T08:25:20+00:00,0,0
2021-12-23T08:25:30+00:00,1,1
2021-12-23T08:25:40+00:00,0,0
2021-12-23T08:25:50+00:00,0,0
2021-12-23T08:26:00+00:00,1,1
2021-12-23T08:26:10+00:00,0,0
2021-12-23T08:26:20+00:00,0,0
2021-12-23T08:26:30+00:00,1,1
2021-12-23T08:26:40+00:00,0,0
2021-12-23T08:26:50+00:00,0,0
2021-12-23T08:27:00+00:00,1,1
2021-12-23T08:27:10+00:00,0,0
2021-12-23T08:27:20+00:00,0,0
2021-12-23T08:27:30+00:00,1,1
2021-12-23T08:27:40+00:00,0,0
2021-12-23T08:27:50+00:00,1,0
2021-12-23T08:28:00+00:00,1,1
2021-12-23T08:28:10+00:00,0,0
2021-12-23T08:28:20+00:00,1,0
2021-12-23T08:28:30+00:00,1,1
2021-12-23T08:28:40+00:00,0,0
2021-12-23T08:28:50+00:00,1,1
2021-12-23T08:29:00+00:00,1,0
2021-12-23T08:29:10+00:00,0,0
2021-12-23T08:29:20+00:00,1,1
2021-12-23T08:29:30+00:00,1,0
2021-12-23T08:29:40+00:00,0,0
2021-12-23T08:29:50+00:00,1,1
2021-12-23T08:30:00+00:00,0,0
2021-12-23T08:30:10+00:00,0,0
2021-12-23T08:30:20+00:00,1,1
2021-12-23T08:30:30+00:00,0,0
2021-12-23T08:30:40+00:00,0,0
2021-12-23T08:30:50+00:00,1,1
2021-12-23T08:31:00+00:00,0,0
2021-12-23T08:31:10+00:00,0,0
2021-12-23T08:31:20+00:00,1,1
2021-12-23T08:31:30+00:00,0,0
2021-12-23T08:31:40+00:00,0,0
2021-12-23T08:31:50+00:00,1,1
2021-12-23T08:32:00+00:00,0,0
2021-12-23T08:32:10+00:00,0,0
2021-12-23T08:32:20+00:00,1,1
2021-12-23T08:32:30+00:00,0,0
2021-12-23T08:32:40+00:00,1,0
2021-12-23T08:32:50+00:00,1,1
2021-12-23T08:33:00+00:00,0,0
2021-12-23T08:33:10+00:00,1,0
2021-12-23T08:33:20+00:00,1,1
2021-12-23T08:33:30+00:00,0,0
2021-12-23T08:33:40+00:00,1,1
2021-12-23T08:33:50+00:00,1,0
2021-12-23T08:34:00+00:00,0,0
2021-12-23T08:34:10+00:00,1,1
2021-12-23T08:34:20+00:00,1,0
2021-12-23T08:34:30+00:00,0,0
2021-12-23T08:34:40+00:00,1,1
2021-12-23T08:34:50+00:00,0,0
2021-12-23T08:35:00+00:00,0,0
2021-12-23T08:35:10+00:00,1,1
2021-12-23T08:35:20+00:00,0,0
2021-12-23T08:35:30+00:00,0,0
2021-12-23T08:35:40+00:00,1,1
2021-12-23T08:35:50+00:00,0,0
2021-12-23T08:36:00+00:00,0,0
2021-12-23T08:36:10+00:00,1,1
2021-12-23T08:36:20+00:00,0,0
2021-12-23T08:36:30+00:00,0,0
2021-12-23T08:36:40+00:00,1,1
2021-12-23T08:36:50+00:00,0,0
2021-12-23T08:37:00+00:00,1,0
2021-12-23T08:37:10+00:00,1,1
2021-12-23T08:37:20+00:00,0,0
2021-12-23T08:37:30+00:00,1,0
2021-12-23T08:37:40+00:00,1,1
2021-12-23T08:37:50+00:00,0,0
2021-12-23T08:38:00+00:00,1,0
2021-12-23T08:38:10+00:00,1,1
2021-12-23T08:38:20+00:00,0,0
2021-12-23T08:38:30+00:00,1,1
2021-12-23T08:38:40+00:00,1,0
2021-12-23T08:38:50+00:00,0,0
2021-12-23T08:39:00+00:00,1,1
2021-12-23T08:39:10+00:00,1,0
2021-12-23T08:39:20+00:00,0,0
2021-12-23T08:39:30+00:00,1,1
2021-12-23T08:39:40+00:00,0,0
2021-12-23T08:39:50+00:00,0,0
2021-12-23T08:40:00+00:00,1,1
2021-12-23T08:40:10+00:00,0,0
2021-12-23T08:40:20+00:00,0,0
2021-12-23T08:40:30+00:00,1,1
2021-12-23T08:40:40+00:00,0,0
2021-12-23T08:40:50+00:00,0,0
2021-12-23T08:41:00+00:00,1,1
2021-12-23T08:41:10+00:00,0,0
2021-12-23T08:41:20+00:00,0,0
2021-12-23T08:41:30+00:00,1,1
2021-12-23T08:41:40+00:00,0,0
2021-12-23T08:41:50+00:00,1,0
2021-12-23T08:42:00+00:00,1,1
2021-12-23T08:42:10+00:00,0,0
2021-12-23T08:42:20+00:00,1,0
2021-12-23T08:42:30+00:00,1,1
2021-12-23T08:42:40+00:00,0,0
2021-12-23T08:42:50+00:00,1,0
2021-12-23T08:43:00+00:00,1,0
2021-12-23T08:43:10+00:00,0,0
2021-12-23T08:43:20+00:00,1,1
2021-12-23T08:43:30+00:00,1,0
2021-12-23T08:43:40+00:00,0,0
2021-12-23T08:43:50+00:00,1,1
2021-12-23T08:44:00+00:00,1,0
2021-12-23T08:44:10+00:00,0,0
2021-12-23T08:44:20+00:00,1,1
2021-12-23T08:44:30+00:00,0,0
2021-12-23T08:44:40+00:00,0,0
2021-12-23T08:44:50+00:00,1,1
2021-12-23T08:45:00+00:00,0,0
2021-12-23T08:45:10+00:00,0,0
2021-12-23T08:45:20+00:00,1,1
2021-12-23T08:45:30+00:00,0,0
2021-12-23T08:45:40+00:00,0,0
2021-12-23T08:45:50+00:00,1,1
2021-12-23T08:46:00+00:00,0,0
2021-12-23T08:46:10+00:00,0,0
2021-12-23T08:46:20+00:00,1,1
2021-12-23T08:46:30+00:00,0,0
2021-12-23T08:46:40+00:00,1,0
2021-12-23T08:46:50+00:00,1,1
2021-12-23T08:47:00+00:00,0,0
2021-12-23T08:47:10+00:00,1,0
2021-12-23T08:47:20+00:00,1,1
2021-12-23T08:47:30+00:00,0,0
2021-12-23T08:47:40+00:00,1,0
2021-12-23T08:47:50+00:00,1,0
2021-12-23T08:48:00+00:00,0,0
2021-12-23T08:48:10+00:00,1,1
2021-12-23T08:48:20+00:00,1,0
2021-12-23T08:48:30+00:00,0,0
2021-12-23T08:48:40+00:00,1,1
2021-12-23T08:48:50+00:00,1,0
2021-12-23T08:49:00+00:00,0,0
2021-12-23T08:49:10+00:00,1,1
2021-12-23T08:49:20+00:00,0,0
2021-12-23T08:49:30+00:00,0,0
2021-12-23T08:49:40+00:00,1,1
2021-12-23T08:49:50+00:00,0,0
2021-12-23T08:50:00+00:00,0,0
2021-12-23T08:50:10+00:00,1,1
2021-12-23T08:50:20+00:00,0,0
2021-12-23T08:50:30+00:00,0,0
2021-12-23T08:50:40+00:00,1,1
2021-12-23T08:50:50+00:00,0,0
2021-12-23T08:51:00+00:00,0,0
2021-12-23T08:51:10+00:00,1,1
2021-12-23T08:51:20+00:00,0,0
2021-12-23T08:51:30+00:00,1,0
2021-12-23T08:51:40+00:00,1,1
2021-12-23T08:51:50+00:00,0,0
2021-12-23T08:52:00+00:00,1,0
2021-12-23T08:52:10+00:00,1,1
2021-12-23T08:52:20+00:00,0,0
2021-12-23T08:52:30+00:00,1,0
2021-12-23T08:52:40+00:00,1,0
2021-12-23T08:52:50+00:00,0,0
2021-12-23T08:53:00+00:00,1,1
2021-12-23T08:53:10+00:00,1,0
2021-12-23T08:53:20+00:00,0,0
2021-12-23T08:53:30+00:00,1,1
2021-12-23T08:53:40+00:00,1,0
2021-12-23T08:53:50+00:00,0,0
2021-12-23T08:54:00+00:00,1,1
2021-12-23T08:54:10+00:00,0,0
2021-12-23T08:54:20+00:00,0,0
2021-12-23T08:54:30+00:00,1,1
2021-12-23T08:54:40+00:00,0,0
2021-12-23T08:54:50+00:00,0,0
2021-12-23T08:55:00+00:00,1,1
2021-12-23T08:55:10+00:00,0,0
2021-12-23T08:55:20+00:00,0,0
2021-12-23T08:55:30+00:00,1,1
2021-12-23T08:55:40+00:00,0,0
2021-12-23T08:55:50+00:00,0,0
2021-12-23T08:56:00+00:00,1,1
2021-12-23T08:56:10+00:00,0,0
2021-12-23T08:56:20+00:00,1,0
2021-12-23T08:56:30+00:00,1,1
2021-12-23T08:56:40+00:00,0,0
2021-12-23T08:56:50+00:00,1,0
2021-12-23T08:57:00+00:00,1,1
2021-12-23T08:57:10+00:00,0,0
2021-12-23T08:57:20+00:00,1,0
2021-12-23T08:57:30+00:00,1,0
2021-12-23T08:57:40+00:00,0,0
2021-12-23T08:57:50+00:00,1,1
2021-12-23T08:58:00+00:00,1,0
2021-12-23T08:58:10+00:00,0,0
2021-12-23T08:58:20+00:00,1,1
2021-12-23T08:58:30+00:00,1,0
2021-12-23T08:58:40+00:00,0,0
2021-12-23T08:58:50+00:00,1,1
2021-12-23T08:59:00+00:00,0,0
2021-12-23T08:59:10+00:00,0,0
2021-12-23T08:59:20+00:00,1,1
2021-12-23T08:59:30+00:00,0,0
2021-12-23T08:59:40+00:00,0,0
2021-12-23T08:59:50+00:00,1,1
2021-12-23T09:00:00+00:00,0,0
2021-12-23T09:00:10+00:00,0,0
2021-12-23T09:00:20+00:00,1,1
2021-12-23T09:00:30+00:00,0,0
2021-12-23T09:00:40+00:00,0,0
2021-12-23T09:00:50+00:00,1,1
2021-12-23T09:01:00+00:00,0,0
2021-12-23T09:01:10+00:00,1,0
2021-12-23T09:01:20+00:00,1,1
2021-12-23T09:01:30+00:00,0,0
2021-12-23T09:01:40+00:00,1,0
2021-12-23T09:01:50+00:00,1,1
2021-12-23T09:02:00+00:00,0,0
2021-12-23T09:02:10+00:00,1,0
2021-12-23T09:02:20+00:00,1,0
2021-12-23T09:02:30+00:00,0,0
2021-12-23T09:02:40+00:00,1,1
2021-12-23T09:02:50+00:00,1,0
2021-12-23T09:03:00+00:00,0,0
2021-12-23T09:03:10+00:00,1,1
2021-12-23T09:03:20+00:00,1,0
2021-12-23T09:03:30+00:00,0,0
2021-12-23T09:03:40+00:00,1,1
2021-12-23T09:03:50+00:00,0,0
2021-12-23T09:04:00+00:00,0,0
2021-12-23T09:04:10+00:00,1,1
2021-12-23T09:04:20+00:00,0,0
2021-12-23T09:04:30+00:00,0,0
2021-12-23T09:04:40+00:00,1,1
2021-12-23T09:04:50+00:00,0,0
2021-12-23T09:05:00+00:00,0,0
2021-12-23T09:05:10+00:00,1,1
2021-12-23T09:05:20+00:00,0,0
2021-12-23T09:05:30+00:00,0,0
2021-12-23T09:05:40+00:00,1,1
2021-12-23T09:05:50+00:00,0,0
2021-12-23T09:06:00+00:00,1,0
2021-12-23T09:06:10+00:00,1,1
2021-12-23T09:06:20+00:00,0,0
2021-12-23T09:06:30+00:00,1,0
2021-12-23T09:06:40+00:00,1,1
2021-12-23T09:06:50+00:00,0,0
2021-12-23T09:07:00+00:00,1,0
2021-12-23T09:07:10+00:00,1,0
2021-12-23T09:07:20+00:00,0,0
2021-12-23T09:07:30+00:00,1,1
2021-12-23T09:07:40+00:00,1,0
2021-12-23T09:07:50+00:00,0,0
2021-12-23T09:08:00+00:00,1,1
2021-12-23T09:08:10+00:00,1,0
2021-12-23T09:08:20+00:00,0,0
2021-12-23T09:08:30+00:00,1,1
2021-12-23T09:08:40+00:00,0,0
2021-12-23T09:08:50+00:00,0,0
2021-12-23T09:09:00+00:00,1,1
2021-12-23T09:09:10+00:00,0,0
2021-12-23T09:09:20+00:00,0,0
2021-12-23T09:09:30+00:00,1,1
2021-12-23T09:09:40+00:00,0,0
2021-12-23T09:09:50+00:00,0,0
2021-12-23T09:10:00+00:00,1,1
2021-12-23T09:10:10+00:00,0,0
2021-12-23T09:10:20+00:00,0,0
2021-12-23T09:10:30+00:00,1,1
2021-12-23T09:10:40+00:00,0,0
2021-12-23T09:10:50+00:00,1,0
2021-12-23T09:11:00+00:00,1,1
2021-12-23T09:11:10+00:00,0,0
2021-12-23T09:11:20+00:00,1,0
2021-12-23T09:11:30+00:00,1,1
2021-12-23T09:11:40+00:00,0,0
2021-12-23T09:11:50+00:00,1,0
2021-12-23T09:12:00+00:00,1,0
2021-12-23T09:12:10+00:00,0,0
2021-12-23T09:12:20+00:00,1,1
2021-12-23T09:12:30+00:00,1,0
2021-12-23T09:12:40+00:00,0,0
2021-12-23T09:12:50+00:00,1,1
2021-12-23T09:13:00+00:00,1,0
2021-12-23T09:13:10+00:00,0,0
2021-12-23T09:13:20+00:00,1,1
2021-12-23T09:13:30+00:00,0,0
2021-12-23T09:13:40+00:00,0,0
2021-12-23T09:13:50+00:00,1,1
2021-12-23T09:14:00+00:00,0,0
2021-12-23T09:14:10+00:00,0,0
2021-12-23T09:14:20+00:00,1,1
2021-12-23T09:14:30+00:00,0,0
2021-12-23T09:14:40+00:00,0,0
2021-12-23T09:14:50+00:00,1,1
2021-12-23T09:15:00+00:00,0,0
2021-12-23T09:15:10+00:00,0,0
2021-12-23T09:15:20+00:00,1,1
2021-12-23T09:15:30+00:00,0,0
2021-12-23T09:15:40+00:00,1,0
2021-12-23T09:15:50+00:00,1,1
2021-12-23T09:16:00+00:00,0,0
2021-12-23T09:16:10+00:00,1,0
2021-12-23T09:16:20+00:00,1,1
2021-12-23T09:16:30+00:00,0,0
2021-12-23T09:16:40+00:00,1,0
2021-12-23T09:16:50+00:00,1,0
2021-12-23T09:17:00+00:00,0,0
2021-12-23T09:17:10+00:00,1,1
2021-12-23T09:17:20+00:00,1,0
2021-12-23T09:17:30+00:00,0,0
2021-12-23T09:17:40+00:00,1,1
2021-12-23T09:17:50+00:00,1,0
2021-12-23T09:18:00+00:00,0,0
2021-12-23T09:18:10+00:00,1,1
2021-12-23T09:18:20+00:00,0,0
2021-12-23T09:18:30+00:00,0,0
2021-12-23T09:18:40+00:00,1,1
2021-12-23T09:18:50+00:00,0,0
2021-12-23T09:19:00+00:00,0,0
2021-12-23T09:19:10+00:00,1,1
2021-12-23T09:19:20+00:00,0,0
2021-12-23T09:19:30+00:00,0,0
2021-12-23T09:19:40+00:00,1,1
2021-12-23T09:19:50+00:00,0,0
2021-12-23T09:20:00+00:00,0,0
2021-12-23T09:20:10+00:00,1,1
2021-12-23T09:20:20+00:00,0,0
2021-12-23T09:20:30+00:00,1,0
2021-12-23T09:20:40+00:00,1,1
2021-12-23T09:20:50+00:00,0,0
2021-12-23T09:21:00+00:00,1,0
2021-12-23T09:21:10+00:00,1,1
2021-12-23T09:21:20+00:00,0,0
2021-12-23T09:21:30+00:00,1,1
2021-12-23T09:21:40+00:00,1,0
2021-12-23T09:21:50+00:00,0,0
2021-12-23T09:22:00+00:00,1,1
2021-12-23T09:22:10+00:00,1,0
2021-12-23T09:22:20+00:00,0,0
2021-12-23T09:22:30+00:00,1,1
2021-12-23T09:22:40+00:00,0,0
2021-12-23T09:22:50+00:00,0,0
2021-12-23T09:23:00+00:00,1,1
2021-12-23T09:23:10+00:00,0,0
2021-12-23T09:23:20+00:00,0,0
2021-12-23T09:23:30+00:00,1,1
2021-12-23T09:23:40+00:00,0,0
2021-12-23T09:23:50+00:00,0,0
2021-12-23T09:24:00+00:00,1,1
2021-12-23T09:24:10+00:00,0,0
2021-12-23T09:24:20+00:00,0,0
2021-12-23T09:24:30+00:00,1,1
2021-12-23T09:24:40+00:00,0,0
2021-12-23T09:24:50+00:00,0,0
2021-12-23T09:25:00+00:00,1,1
2021-12-23T09:25:10+00:00,0,0
2021-12-23T09:25:20+00:00,1,0
2021-12-23T09:25:30+00:00,1,1
2021-12-23T09:25:40+00:00,0,0
2021-12-23T09:25:50+00:00,1,0
2021-12-23T09:26:00+00:00,1,1
2021-12-23T09:26:10+00:00,0,0
2021-12-23T09:26:20+00:00,1,1
2021-12-23T09:26:30+00:00,1,0
2021-12-23T09:26:40+00:00,0,0
2021-12-23T09:26:50+00:00,1,1
2021-12-23T09:27:00+00:00,1,0
2021-12-23T09:27:10+00:00,0,0
2021-12-23T09:27:20+00:00,1,1
2021-12-23T09:27:30+00:00,0,0
2021-12-23T09:27:40+00:00,0,0
2021-12-23T09:27:50+00:00,1,1
2021-12-23T09:28:00+00:00,0,0
2021-12-23T09:28:10+00:00,0,0
2021-12-23T09:28:20+00:00,1,1
2021-12-23T09:28:30+00:00,0,0
2021-12-23T09:28:40+00:00,0,0
2021-12-23T09:28:50+00:00,1,1
2021-12-23T09:29:00+00:00,0,0
2021-12-23T09:29:10+00:00,0,0
2021-12-23T09:29:20+00:00,1,1
2021-12-23T09:29:30+00:00,0,0
2021-12-23T09:29:40+00:00,0,0
2021-12-23T09:29:50+00:00,1,1
2021-12-23T09:30:00+00:00,0,0
2021-12-23T09:30:10+00:00,1,0
2021-12-23T09:30:20+00:00,1,1
2021-12-23T09:30:30+00:00,0,0
2021-12-23T09:30:40+00:00,1,0
2021-12-23T09:30:50+00:00,1,1
2021-12-23T09:31:00+00:00,0,0
2021-12-23T09:31:10+00:00,1,1
2021-12-23T09:31:20+00:00,1,0
2021-12-23T09:31:30+00:00,0,0
2021-12-23T09:31:40+00:00,1,1
2021-12-23T09:31:50+00:00,1,0
2021-12-23T09:32:00+00:00,0,0
2021-12-23T09:32:10+00:00,1,1
2021-12-23T09:32:20+00:00,0,0
2021-12-23T09:32:30+00:00,0,0
2021-12-23T09:32:40+00:00,1,1
2021-12-23T09:32:50+00:00,0,0
2021-12-23T09:33:00+00:00,0,0
2021-12-23T09:33:10+00:00,1,1
2021-12-23T09:33:20+00:00,0,0
2021-12-23T09:33:30+00:00,0,0
2021-12-23T09:33:40+00:00,1,1
2021-12-23T09:33:50+00:00,0,0
2021-12-23T09:34:00+00:00,0,0
2021-12-23T09:34:10+00:00,1,1
2021-12-23T09:34:20+00:00,0,0
2021-12-23T09:34:30+00:00,0,0
2021-12-23T09:34:40+00:00,1,1
2021-12-23T09:34:50+00:00,0,0
2021-12-23T09:35:00+00:00,1,0
2021-12-23T09:35:10+00:00,1,1
2021-12-23T09:35:20+00:00,0,0
2021-12-23T09:35:30+00:00,1,0
2021-12-23T09:35:40+00:00,1,1
2021-12-23T09:35:50+00:00,0,0
2021-12-23T09:36:00+00:00,1,1
2021-12-23T09:36:10+00:00,1,0
2021-12-23T09:36:20+00:00,0,0
2021-12-23T09:36:30+00:00,1,1
2021-12-23T09:36:40+00:00,1,0
2021-12-23T09:36:50+00:00,0,0
2021-12-23T09:37:00+00:00,1,1
2021-12-23T09:37:10+00:00,0,0
2021-12-23T09:37:20+00:00,0,0
2021-12-23T09:37:30+00:00,1,1
2021-12-23T09:37:40+00:00,0,0
2021-12-23T09:37:50+00:00,0,0
2021-12-23T09:38:00+00:00,1,1
2021-12-23T09:38:10+00:00,0,0
2021-12-23T09:38:20+00:00,0,0
2021-12-23T09:38:30+00:00,1,1
2021-12-23T09:38:40+00:00,0,0
2021-12-23T09:38:50+00:00,0,0
2021-12-23T09:39:00+00:00,1,1
2021-12-23T09:39:10+00:00,0,0
2021-12-23T09:39:20+00:00,0,0
2021-12-23T09:39:30+00:00,1,1
2021-12-23T09:39:40+00:00,0,0
2021-12-23T09:39:50+00:00,1,0
2021-12-23T09:40:00+00:00,1,1
2021-12-23T09:40:10+00:00,0,0
2021-12-23T09:40:20+00:00,1,0
2021-12-23T09:40:30+00:00,1,1
2021-12-23T09:40:40+00:00,0,0
2021-12-23T09:40:50+00:00,1,1
2021-12-23T09:41:00+00:00,1,0
2021-12-23T09:41:10+00:00,0,0
2021-12-23T09:41:20+00:00,1,1
2021-12-23T09:41:30+00:00,1,0
2021-12-23T09:41:40+00:00,0,0
2021-12-23T09:41:50+00:00,1,1
2021-12-23T09:42:00+00:00,0,0
2021-12-23T09:42:10+00:00,0,0
2021-12-23T09:42:20+00:00,1,1
2021-12-23T09:42:30+00:00,0,0
2021-12-23T09:42:40+00:00,0,0
2021-12-23T09:42:50+00:00,1,1
2021-12-23T09:43:00+00:00,0,0
2021-12-23T09:43:10+00:00,0,0
2021-12-23T09:43:20+00:00,1,1
2021-12-23T09:43:30+00:00,0,0
2021-12-23T09:43:40+00:00,0,0
2021-12-23T09:43:50+00:00,1,1
2021-12-23T09:44:00+00:00,0,0
2021-12-23T09:44:10+00:00,0,0
2021-12-23T09:44:20+00:00,1,1
2021-12-23T09:44:30+00:00,0,0
2021-12-23T09:44:40+00:00,1,0
2021-12-23T09:44:50+00:00,1,1
2021-12-23T09:45:00+00:00,0,0
2021-12-23T09:45:10+00:00,1,0
2021-12-23T09:45:20+00:00,1,1
2021-12-23T09:45:30+00:00,0,0
2021-12-23T09:45:40+00:00,1,1
2021-12-23T09:45:50+00:00,1,0
2021-12-23T09:46:00+00:00,0,0
2021-12-23T09:46:10+00:00,1,1
2021-12-23T09:46:20+00:00,1,0
2021-12-23T09:46:30+00:00,0,0
2021-12-23T09:46:40+00:00,1,1
2021-12-23T09:46:50+00:00,0,0
2021-12-23T09:47:00+00:00,0,0
2021-12-23T09:47:10+00:00,1,1
2021-12-23T09:47:20+00:00,0,0
2021-12-23T09:47:30+00:00,0,0
2021-12-23T09:47:40+00:00,1,1
2021-12-23T09:47:50+00:00,0,0
2021-12-23T09:48:00+00:00,0,0
2021-12-23T09:48:10+00:00,1,1
2021-12-23T09:48:20+00:00,0,0
2021-12-23T09:48:30+00:00,0,0
2021-12-23T09:48:40+00:00,1,1
2021-12-23T09:48:50+00:00,0,0
2021-12-23T09:49:00+00:00,1,0
2021-12-23T09:49:10+00:00,1,1
2021-12-23T09:49:20+00:00,0,0
2021-12-23T09:49:30+00:00,1,0
2021-12-23T09:49:40+00:00,1,1
2021-12-23T09:49:50+00:00,0,0
2021-12-23T09:50:00+00:00,1,0
2021-12-23T09:50:10+00:00,1,0
2021-12-23T09:50:20+00:00,0,0
2021-12-23T09:50:30+00:00,1,1
2021-12-23T09:50:40+00:00,1,0
2021-12-23T09:50:50+00:00,0,0
2021-12-23T09:51:00+00:00,1,1
2021-12-23T09:51:10+00:00,1,0
2021-12-23T09:51:20+00:00,0,0
2021-12-23T09:51:30+00:00,1,1
2021-12-23T09:51:40+00:00,0,0
2021-12-23T09:51:50+00:00,0,0
2021-12-23T09:52:00+00:00,1,1
2021-12-23T09:52:10+00:00,0,0
2021-12-23T09:52:20+00:00,0,0
2021-12-23T09:52:30+00:00,1,1
2021-12-23T09:52:40+00:00,0,0
2021-12-23T09:52:50+00:00,0,0
2021-12-23T09:53:00+00:00,1,1
2021-12-23T09:53:10+00:00,0,0
2021-12-23T09:53:20+00:00,0,0
2021-12-23T09:53:30+00:00,1,1
2021-12-23T09:53:40+00:00,0,0
2021-12-23T09:53:50+00:00,1,0
2021-12-23T09:54:00+00:00,1,1
2021-12-23T09:54:10+00:00,0,0
2021-12-23T09:54:20+00:00,1,0
2021-12-23T09:54:30+00:00,1,1
2021-12-23T09:54:40+00:00,0,0
2021-12-23T09:54:50+00:00,1,0
2021-12-23T09:55:00+00:00,1,0
2021-12-23T09:55:10+00:00,0,0
2021-12-23T09:55:20+00:00,1,1
2021-12-23T09:55:30+00:00,1,0
2021-12-23T09:55:40+00:00,0,0
2021-12-23T09:55:50+00:00,1,1
2021-12-23T09:56:00+00:00,1,0
2021-12-23T09:56:10+00:00,0,0
2021-12-23T09:56:20+00:00,1,1
2021-12-23T09:56:30+00:00,0,0
2021-12-23T09:56:40+00:00,0,0
2021-12-23T09:56:50+00:00,1,1
2021-12-23T09:57:00+00:00,0,0
2021-12-23T09:57:10+00:00,0,0
2021-12-23T09:57:20+00:00,1,1
2021-12-23T09:57:30+00:00,0,0
2021-12-23T09:57:40+00:00,0,0
2021-12-23T09:57:50+00:00,1,1
2021-12-23T09:58:00+00:00,0,0
2021-12-23T09:58:10+00:00,0,0
2021-12-23T09:58:20+00:00,1,1
2021-12-23T09:58:30+00:00,0,0
2021-12-23T09:58:40+00:00,1,0
2021-12-23T09:58:50+00:00,1,1
2021-12-23T09:59:00+00:00,0,0
2021-12-23T09:59:10+00:00,1,0
2021-12-23T09:59:20+00:00,1,1
2021-12-23T09:59:30+00:00,0,0
2021-12-23T09:59:40+00:00,1,0
2021-12-23T09:59:50+00:00,1,0
2021-12-23T10:00:00+00:00,0,0
2021-12-23T10:00:10+00:00,1,1
2021-12-23T10:00:20+00:00,1,0
2021-12-23T10:00:30+00:00,0,0
2021-12-23T10:00:40+00:00,1,1
2021-12-23T10:00:50+00:00,1,0
2021-12-23T10:01:00+00:00,0,0
2021-12-23T10:01:10+00:00,1,1
2021-12-23T10:01:20+00:00,0,0
2021-12-23T10:01:30+00:00,0,0
2021-12-23T10:01:40+00:00,1,1
2021-12-23T10:01:50+00:00,0,0
2021-12-23T10:02:00+00:00,0,0
2021-12-23T10:02:10+00:00,1,1
2021-12-23T10:02:20+00:00,0,0
2021-12-23T10:02:30+00:00,0,0
2021-12-23T10:02:40+00:00,1,1
2021-12-23T10:02:50+00:00,0,0
2021-12-23T10:03:00+00:00,0,0
2021-12-23T10:03:10+00:00,1,1
2021-12-23T10:03:20+00:00,0,0
2021-12-23T10:03:30+00:00,1,0
2021-12-23T10:03:40+00:00,1,1
2021-12-23T10:03:50+00:00,0,0
2021-12-23T10:04:00+00:00,1,0
2021-12-23T10:04:10+00:00,1,1
2021-12-23T10:04:20+00:00,0,0
2021-12-23T10:04:30+00:00,1,1
2021-12-23T10:04:40+00:00,1,0
2021-12-23T10:04:50+00:00,0,0
2021-12-23T10:05:00+00:00,1,1
2021-12-23T10:05:10+00:00,1,0
2021-12-23T10:05:20+00:00,0,0
2021-12-23T10:05:30+00:00,1,1
2021-12-23T10:05:40+00:00,0,0
2021-12-23T10:05:50+00:00,0,0
2021-12-23T10:06:00+00:00,1,1
2021-12-23T10:06:10+00:00,0,0
2021-12-23T10:06:20+00:00,0,0
2021-12-23T10:06:30+00:00,1,1
2021-12-23T10:06:40+00:00,0,0
2021-12-23T10:06:50+00:00,0,0
2021-12-23T10:07:00+00:00,1,1
2021-12-23T10:07:10+00:00,0,0
2021-12-23T10:07:20+00:00,0,0
2021-12-23T10:07:30+00:00,1,1
2021-12-23T10:07:40+00:00,0,0
2021-12-23T10:07:50+00:00,0,0
2021-12-23T10:08:00+00:00,1,1
2021-12-23T10:08:10+00:00,0,0
2021-12-23T10:08:20+00:00,1,0
2021-12-23T10:08:30+00:00,1,1
2021-12-23T10:08:40+00:00,0,0
2021-12-23T10:08:50+00:00,1,0
2021-12-23T10:09:00+00:00,1,1
